[{"pos_x": 158.4, "pos_y": -98.8, "rotation": 0.0, "side": "top", "designator": "H2", "mpn": null, "pack": "MountingHole_2.2mm_M2", "value": "MountingHole", "mount_type": "tht", "place": true}, {"pos_x": 131.15, "pos_y": -98.8, "rotation": 0.0, "side": "top", "designator": "H1", "mpn": null, "pack": "MountingHole_2.2mm_M2", "value": "MountingHole", "mount_type": "tht", "place": true}, {"pos_x": 133.8625, "pos_y": -95.1, "rotation": 0.0, "side": "top", "designator": "D4", "mpn": null, "pack": "LED_0603_1608Metric", "value": "G", "mount_type": "smt", "place": true}, {"pos_x": 136.9125, "pos_y": -95.1, "rotation": 0.0, "side": "top", "designator": "D5", "mpn": null, "pack": "LED_0603_1608Metric", "value": "R", "mount_type": "smt", "place": true}, {"pos_x": 130.8125, "pos_y": -95.1, "rotation": 0.0, "side": "top", "designator": "D3", "mpn": null, "pack": "LED_0603_1608Metric", "value": "R", "mount_type": "smt", "place": true}, {"pos_x": 146.0625, "pos_y": -95.1, "rotation": 0.0, "side": "top", "designator": "D8", "mpn": null, "pack": "LED_0603_1608Metric", "value": "G", "mount_type": "smt", "place": true}, {"pos_x": 143.0125, "pos_y": -95.1, "rotation": 0.0, "side": "top", "designator": "D7", "mpn": null, "pack": "LED_0603_1608Metric", "value": "R", "mount_type": "smt", "place": true}, {"pos_x": 139.9625, "pos_y": -95.1, "rotation": 0.0, "side": "top", "designator": "D6", "mpn": null, "pack": "LED_0603_1608Metric", "value": "G", "mount_type": "smt", "place": true}, {"pos_x": 119.925, "pos_y": -89.0, "rotation": 0.0, "side": "top", "designator": "J8", "mpn": null, "pack": "JST_XH_B10B-XH-A_1x10_P2.50mm_Vertical", "value": "3.3V/5V GND TX RX TX RX TX RX", "mount_type": "tht", "place": true}, {"pos_x": 162.95, "pos_y": -89.175, "rotation": 0.0, "side": "top", "designator": "SW1", "mpn": null, "pack": "SW_PUSH_6mm", "value": "B3F-1000", "mount_type": "tht", "place": true}, {"pos_x": 124.7125, "pos_y": -95.1, "rotation": 0.0, "side": "top", "designator": "D1", "mpn": null, "pack": "LED_0603_1608Metric", "value": "R", "mount_type": "smt", "place": true}, {"pos_x": 168.125, "pos_y": -98.05, "rotation": 180.0, "side": "top", "designator": "J1", "mpn": null, "pack": "USB_Mini-B_Tensility_54-00023_Vertical", "value": "USB_B_Mini", "mount_type": "tht", "place": true}, {"pos_x": 127.7625, "pos_y": -95.1, "rotation": 0.0, "side": "top", "designator": "D2", "mpn": null, "pack": "LED_0603_1608Metric", "value": "G", "mount_type": "smt", "place": true}, {"pos_x": 161.075, "pos_y": -102.46, "rotation": 90.0, "side": "bottom", "designator": "L2", "mpn": null, "pack": "L_0402_1005Metric", "value": "LQG15HS2N0B02D", "mount_type": "smt", "place": true}, {"pos_x": 138.105, "pos_y": -113.275, "rotation": 180.0, "side": "bottom", "designator": "R6", "mpn": null, "pack": "R_0201_0603Metric", "value": "10K", "mount_type": "smt", "place": true}, {"pos_x": 161.695, "pos_y": -107.25, "rotation": 180.0, "side": "bottom", "designator": "R9", "mpn": null, "pack": "R_0201_0603Metric", "value": "330R", "mount_type": "smt", "place": true}, {"pos_x": 142.375, "pos_y": -112.195, "rotation": 90.0, "side": "bottom", "designator": "R7", "mpn": null, "pack": "R_0201_0603Metric", "value": "10K", "mount_type": "smt", "place": true}, {"pos_x": 147.4, "pos_y": -108.8, "rotation": 0.0, "side": "bottom", "designator": "C25", "mpn": null, "pack": "C_0201_0603Metric", "value": "100nF", "mount_type": "smt", "place": true}, {"pos_x": 161.145, "pos_y": -105.0, "rotation": 0.0, "side": "bottom", "designator": "C4", "mpn": null, "pack": "C_0201_0603Metric", "value": "100 nF", "mount_type": "smt", "place": true}, {"pos_x": 168.345, "pos_y": -112.6, "rotation": 0.0, "side": "bottom", "designator": "R16", "mpn": null, "pack": "R_0201_0603Metric", "value": "330R", "mount_type": "smt", "place": true}, {"pos_x": 145.9, "pos_y": -97.13, "rotation": -90.0, "side": "bottom", "designator": "C13", "mpn": null, "pack": "C_0201_0603Metric", "value": "100nF", "mount_type": "smt", "place": true}, {"pos_x": 151.08, "pos_y": -101.85, "rotation": 0.0, "side": "bottom", "designator": "R2", "mpn": null, "pack": "R_0201_0603Metric", "value": "12K", "mount_type": "smt", "place": true}, {"pos_x": 123.4, "pos_y": -102.2, "rotation": 180.0, "side": "bottom", "designator": "U3", "mpn": null, "pack": "TSSOP-16_4.4x5mm_P0.65mm", "value": "MAX3232IPWR", "mount_type": "smt", "place": true}, {"pos_x": 148.85, "pos_y": -107.625, "rotation": 180.0, "side": "bottom", "designator": "C12", "mpn": null, "pack": "C_0201_0603Metric", "value": "100nF", "mount_type": "smt", "place": true}, {"pos_x": 137.2625, "pos_y": -111.125, "rotation": 180.0, "side": "bottom", "designator": "U2", "mpn": null, "pack": "MSOP-8_3x3mm_P0.65mm", "value": "93AA46B", "mount_type": "smt", "place": true}, {"pos_x": 168.345, "pos_y": -108.1, "rotation": 0.0, "side": "bottom", "designator": "R10", "mpn": null, "pack": "R_0201_0603Metric", "value": "330R", "mount_type": "smt", "place": true}, {"pos_x": 153.6, "pos_y": -97.35, "rotation": 90.0, "side": "bottom", "designator": "Y1", "mpn": null, "pack": "Crystal_SMD_5032-2Pin_5.0x3.2mm", "value": "ECS-120-8-30-JGN-TR", "mount_type": "smt", "place": true}, {"pos_x": 160.2, "pos_y": -102.695, "rotation": 90.0, "side": "bottom", "designator": "C8", "mpn": null, "pack": "C_0201_0603Metric", "value": "4.7 uF", "mount_type": "smt", "place": true}, {"pos_x": 168.35, "pos_y": -111.1, "rotation": 0.0, "side": "bottom", "designator": "R14", "mpn": null, "pack": "R_0201_0603Metric", "value": "330R", "mount_type": "smt", "place": true}, {"pos_x": 159.45, "pos_y": -102.695, "rotation": 90.0, "side": "bottom", "designator": "C6", "mpn": null, "pack": "C_0201_0603Metric", "value": "100nF", "mount_type": "smt", "place": true}, {"pos_x": 155.9, "pos_y": -100.97, "rotation": -90.0, "side": "bottom", "designator": "C5", "mpn": null, "pack": "C_0201_0603Metric", "value": "100nF", "mount_type": "smt", "place": true}, {"pos_x": 128.0, "pos_y": -101.25, "rotation": 180.0, "side": "bottom", "designator": "C16", "mpn": null, "pack": "C_0201_0603Metric", "value": "0.1uF", "mount_type": "smt", "place": true}, {"pos_x": 163.7375, "pos_y": -110.5, "rotation": 180.0, "side": "bottom", "designator": "U5", "mpn": null, "pack": "TSSOP-16_4.4x5mm_P0.65mm", "value": "M74HC595YTTR", "mount_type": "smt", "place": true}, {"pos_x": 118.8, "pos_y": -99.925, "rotation": 0.0, "side": "bottom", "designator": "C15", "mpn": null, "pack": "C_0201_0603Metric", "value": "0.1uF", "mount_type": "smt", "place": true}, {"pos_x": 128.045, "pos_y": -110.55, "rotation": 180.0, "side": "bottom", "designator": "C24", "mpn": null, "pack": "C_0201_0603Metric", "value": "0.1uF", "mount_type": "smt", "place": true}, {"pos_x": 150.475, "pos_y": -95.55, "rotation": 180.0, "side": "bottom", "designator": "R8", "mpn": null, "pack": "R_0201_0603Metric", "value": "10k", "mount_type": "smt", "place": true}, {"pos_x": 127.995, "pos_y": -103.225, "rotation": 180.0, "side": "bottom", "designator": "C19", "mpn": null, "pack": "C_0201_0603Metric", "value": "0.1uF", "mount_type": "smt", "place": true}, {"pos_x": 153.605, "pos_y": -93.825, "rotation": 180.0, "side": "bottom", "designator": "C3", "mpn": null, "pack": "C_0201_0603Metric", "value": "27pF", "mount_type": "smt", "place": true}, {"pos_x": 170.175, "pos_y": -101.75, "rotation": 90.0, "side": "bottom", "designator": "R1", "mpn": null, "pack": "R_0201_0603Metric", "value": "0?", "mount_type": "smt", "place": true}, {"pos_x": 154.805, "pos_y": -100.85, "rotation": 0.0, "side": "bottom", "designator": "C14", "mpn": null, "pack": "C_0201_0603Metric", "value": "27pF", "mount_type": "smt", "place": true}, {"pos_x": 128.045, "pos_y": -107.875, "rotation": 180.0, "side": "bottom", "designator": "C23", "mpn": null, "pack": "C_0201_0603Metric", "value": "0.1uF", "mount_type": "smt", "place": true}, {"pos_x": 118.825, "pos_y": -107.225, "rotation": 0.0, "side": "bottom", "designator": "C21", "mpn": null, "pack": "C_0201_0603Metric", "value": "0.1uF", "mount_type": "smt", "place": true}, {"pos_x": 128.04, "pos_y": -109.8, "rotation": 180.0, "side": "bottom", "designator": "C22", "mpn": null, "pack": "C_0201_0603Metric", "value": "0.1uF", "mount_type": "smt", "place": true}, {"pos_x": 156.65, "pos_y": -100.97, "rotation": 90.0, "side": "bottom", "designator": "C7", "mpn": null, "pack": "C_0201_0603Metric", "value": "4.7 uF", "mount_type": "smt", "place": true}, {"pos_x": 168.345, "pos_y": -111.85, "rotation": 0.0, "side": "bottom", "designator": "R15", "mpn": null, "pack": "R_0201_0603Metric", "value": "330R", "mount_type": "smt", "place": true}, {"pos_x": 141.38, "pos_y": -97.275, "rotation": 180.0, "side": "bottom", "designator": "C2", "mpn": null, "pack": "C_0201_0603Metric", "value": "3.3uF", "mount_type": "smt", "place": true}, {"pos_x": 155.25, "pos_y": -107.2, "rotation": 180.0, "side": "bottom", "designator": "U1", "mpn": null, "pack": "SOT-223-3_TabPin2", "value": "TC1262-33", "mount_type": "smt", "place": true}, {"pos_x": 168.345, "pos_y": -109.6, "rotation": 0.0, "side": "bottom", "designator": "R12", "mpn": null, "pack": "R_0201_0603Metric", "value": "330R", "mount_type": "smt", "place": true}, {"pos_x": 140.28, "pos_y": -102.35, "rotation": 0.0, "side": "bottom", "designator": "C11", "mpn": null, "pack": "C_0201_0603Metric", "value": "100nF", "mount_type": "smt", "place": true}, {"pos_x": 157.98, "pos_y": -111.575, "rotation": 180.0, "side": "bottom", "designator": "C1", "mpn": null, "pack": "C_0201_0603Metric", "value": "100 nF", "mount_type": "smt", "place": true}, {"pos_x": 150.275, "pos_y": -93.1, "rotation": 180.0, "side": "bottom", "designator": "C9", "mpn": null, "pack": "C_0201_0603Metric", "value": "100nF", "mount_type": "smt", "place": true}, {"pos_x": 127.995, "pos_y": -102.475, "rotation": 180.0, "side": "bottom", "designator": "C17", "mpn": null, "pack": "C_0201_0603Metric", "value": "0.1uF", "mount_type": "smt", "place": true}, {"pos_x": 141.375, "pos_y": -110.22, "rotation": 90.0, "side": "bottom", "designator": "R4", "mpn": null, "pack": "R_0201_0603Metric", "value": "10K", "mount_type": "smt", "place": true}, {"pos_x": 158.25, "pos_y": -94.85, "rotation": 180.0, "side": "bottom", "designator": "R3", "mpn": null, "pack": "R_0201_0603Metric", "value": "1K", "mount_type": "smt", "place": true}, {"pos_x": 123.4375, "pos_y": -109.5, "rotation": 180.0, "side": "bottom", "designator": "U4", "mpn": null, "pack": "TSSOP-16_4.4x5mm_P0.65mm", "value": "MAX3232IPWR", "mount_type": "smt", "place": true}, {"pos_x": 168.345, "pos_y": -108.85, "rotation": 0.0, "side": "bottom", "designator": "R11", "mpn": null, "pack": "R_0201_0603Metric", "value": "330R", "mount_type": "smt", "place": true}, {"pos_x": 128.0, "pos_y": -100.5, "rotation": 180.0, "side": "bottom", "designator": "C18", "mpn": null, "pack": "C_0201_0603Metric", "value": "0.1uF", "mount_type": "smt", "place": true}, {"pos_x": 145.66, "pos_y": -102.6, "rotation": 180.0, "side": "bottom", "designator": "IC1", "mpn": null, "pack": "QFN-56-1EP_8x8mm_P0.5mm_EP5.9x5.9mm", "value": "FT4232H-56Q-TRAY", "mount_type": "smt", "place": true}, {"pos_x": 140.625, "pos_y": -105.925, "rotation": 90.0, "side": "bottom", "designator": "C10", "mpn": null, "pack": "C_0201_0603Metric", "value": "100nF", "mount_type": "smt", "place": true}, {"pos_x": 136.575, "pos_y": -113.275, "rotation": 180.0, "side": "bottom", "designator": "R5", "mpn": null, "pack": "R_0201_0603Metric", "value": "2.2K", "mount_type": "smt", "place": true}, {"pos_x": 156.025, "pos_y": -98.76, "rotation": -90.0, "side": "bottom", "designator": "L1", "mpn": null, "pack": "L_0402_1005Metric", "value": "LQG15HS2N0B02D", "mount_type": "smt", "place": true}, {"pos_x": 168.35, "pos_y": -110.35, "rotation": 0.0, "side": "bottom", "designator": "R13", "mpn": null, "pack": "R_0201_0603Metric", "value": "330R", "mount_type": "smt", "place": true}, {"pos_x": 128.045, "pos_y": -108.625, "rotation": 180.0, "side": "bottom", "designator": "C20", "mpn": null, "pack": "C_0201_0603Metric", "value": "0.1uF", "mount_type": "smt", "place": true}]