﻿designator,quantity,value,pack,mpn,mount_type
"C1, C4",2,1 uF,C_0201_0603Metric,,smt
"C10, C11, C12, C13, C25, C5, C6, C9",8,100nF,C_0201_0603Metric,,smt
"C14, C3",2,27pF,C_0201_0603Metric,,smt
"C15, C16, C17, C18, C19, C20, C21, C22, C23, C24",10,0.1uF,C_0201_0603Metric,,smt
C2,1,3.3uF,C_0201_0603Metric,,smt
"C7, C8",2,4.7 uF,C_0201_0603Metric,,smt
"D1, D3, D5, D7",4,R,LED_0603_1608Metric,,smt
"D2, D4, D6, D8",4,G,LED_0603_1608Metric,,smt
"H1, H2",2,MountingHole,MountingHole_2.2mm_M2,,tht
IC1,1,FT4232H-56Q-TRAY,QFN-56-1EP_8x8mm_P0.5mm_EP5.9x5.9mm,,smt
J1,1,USB_B_Mini,USB_Mini-B_Tensility_54-00023_Vertical,,tht
J8,1,3.3V/5V GND TX RX TX RX TX RX,JST_XH_B10B-XH-A_1x10_P2.50mm_Vertical,,tht
"L1, L2",2,LQG15HS2N0B02D,L_0402_1005Metric,,smt
R1,1,0?,R_0201_0603Metric,,smt
"R10, R11, R12, R13, R14, R15, R16, R9",8,330R,R_0201_0603Metric,,smt
R2,1,12K,R_0201_0603Metric,,smt
R3,1,1K,R_0201_0603Metric,,smt
"R4, R6, R7",3,10K,R_0201_0603Metric,,smt
R5,1,2.2K,R_0201_0603Metric,,smt
R8,1,10k,R_0201_0603Metric,,smt
SW1,1,B3F-1000,SW_PUSH_6mm,,tht
U1,1,TC1262-33,SOT-223-3_TabPin2,,smt
U2,1,93AA46B,MSOP-8_3x3mm_P0.65mm,,smt
"U3, U4",2,MAX3232IPWR,TSSOP-16_4.4x5mm_P0.65mm,,smt
U5,1,M74HC595YTTR,TSSOP-16_4.4x5mm_P0.65mm,,smt
Y1,1,ECS-120-8-30-JGN-TR,Crystal_SMD_5032-2Pin_5.0x3.2mm,,smt
