﻿pos_x,pos_y,rotation,side,designator,mpn,pack,value,mount_type,place
157.98,-111.575,180.0,bottom,C1,,C_0201_0603Metric,1 uF,smt,True
140.625,-105.925,90.0,bottom,C10,,C_0201_0603Metric,100nF,smt,True
140.28,-102.35,0.0,bottom,C11,,C_0201_0603Metric,100nF,smt,True
148.85,-107.625,180.0,bottom,C12,,C_0201_0603Metric,100nF,smt,True
145.9,-97.13,-90.0,bottom,C13,,C_0201_0603Metric,100nF,smt,True
154.805,-100.85,0.0,bottom,C14,,C_0201_0603Metric,27pF,smt,True
118.8,-99.925,0.0,bottom,C15,,C_0201_0603Metric,0.1uF,smt,True
128.0,-101.25,180.0,bottom,C16,,C_0201_0603Metric,0.1uF,smt,True
127.995,-102.475,180.0,bottom,C17,,C_0201_0603Metric,0.1uF,smt,True
128.0,-100.5,180.0,bottom,C18,,C_0201_0603Metric,0.1uF,smt,True
127.995,-103.225,180.0,bottom,C19,,C_0201_0603Metric,0.1uF,smt,True
141.38,-97.275,180.0,bottom,C2,,C_0201_0603Metric,3.3uF,smt,True
128.045,-108.625,180.0,bottom,C20,,C_0201_0603Metric,0.1uF,smt,True
118.825,-107.225,0.0,bottom,C21,,C_0201_0603Metric,0.1uF,smt,True
128.04,-109.8,180.0,bottom,C22,,C_0201_0603Metric,0.1uF,smt,True
128.045,-107.875,180.0,bottom,C23,,C_0201_0603Metric,0.1uF,smt,True
128.045,-110.55,180.0,bottom,C24,,C_0201_0603Metric,0.1uF,smt,True
147.4,-108.8,0.0,bottom,C25,,C_0201_0603Metric,100nF,smt,True
153.605,-93.825,180.0,bottom,C3,,C_0201_0603Metric,27pF,smt,True
161.145,-105.0,0.0,bottom,C4,,C_0201_0603Metric,1 uF,smt,True
155.9,-100.97,-90.0,bottom,C5,,C_0201_0603Metric,100nF,smt,True
159.45,-102.695,90.0,bottom,C6,,C_0201_0603Metric,100nF,smt,True
156.65,-100.97,90.0,bottom,C7,,C_0201_0603Metric,4.7 uF,smt,True
160.2,-102.695,90.0,bottom,C8,,C_0201_0603Metric,4.7 uF,smt,True
150.275,-93.1,180.0,bottom,C9,,C_0201_0603Metric,100nF,smt,True
124.7125,-95.1,0.0,top,D1,,LED_0603_1608Metric,R,smt,True
127.7625,-95.1,0.0,top,D2,,LED_0603_1608Metric,G,smt,True
130.8125,-95.1,0.0,top,D3,,LED_0603_1608Metric,R,smt,True
133.8625,-95.1,0.0,top,D4,,LED_0603_1608Metric,G,smt,True
136.9125,-95.1,0.0,top,D5,,LED_0603_1608Metric,R,smt,True
139.9625,-95.1,0.0,top,D6,,LED_0603_1608Metric,G,smt,True
143.0125,-95.1,0.0,top,D7,,LED_0603_1608Metric,R,smt,True
146.0625,-95.1,0.0,top,D8,,LED_0603_1608Metric,G,smt,True
131.15,-98.8,0.0,top,H1,,MountingHole_2.2mm_M2,MountingHole,tht,True
158.4,-98.8,0.0,top,H2,,MountingHole_2.2mm_M2,MountingHole,tht,True
145.66,-102.6,180.0,bottom,IC1,,QFN-56-1EP_8x8mm_P0.5mm_EP5.9x5.9mm,FT4232H-56Q-TRAY,smt,True
168.125,-98.05,180.0,top,J1,,USB_Mini-B_Tensility_54-00023_Vertical,USB_B_Mini,tht,True
119.925,-89.0,0.0,top,J8,,JST_XH_B10B-XH-A_1x10_P2.50mm_Vertical,3.3V/5V GND TX RX TX RX TX RX,tht,True
156.025,-98.76,-90.0,bottom,L1,,L_0402_1005Metric,LQG15HS2N0B02D,smt,True
161.075,-102.46,90.0,bottom,L2,,L_0402_1005Metric,LQG15HS2N0B02D,smt,True
170.175,-101.75,90.0,bottom,R1,,R_0201_0603Metric,0?,smt,True
168.345,-108.1,0.0,bottom,R10,,R_0201_0603Metric,330R,smt,True
168.345,-108.85,0.0,bottom,R11,,R_0201_0603Metric,330R,smt,True
168.345,-109.6,0.0,bottom,R12,,R_0201_0603Metric,330R,smt,True
168.35,-110.35,0.0,bottom,R13,,R_0201_0603Metric,330R,smt,True
168.35,-111.1,0.0,bottom,R14,,R_0201_0603Metric,330R,smt,True
168.345,-111.85,0.0,bottom,R15,,R_0201_0603Metric,330R,smt,True
168.345,-112.6,0.0,bottom,R16,,R_0201_0603Metric,330R,smt,True
151.08,-101.85,0.0,bottom,R2,,R_0201_0603Metric,12K,smt,True
158.25,-94.85,180.0,bottom,R3,,R_0201_0603Metric,1K,smt,True
141.375,-110.22,90.0,bottom,R4,,R_0201_0603Metric,10K,smt,True
136.575,-113.275,180.0,bottom,R5,,R_0201_0603Metric,2.2K,smt,True
138.105,-113.275,180.0,bottom,R6,,R_0201_0603Metric,10K,smt,True
142.375,-112.195,90.0,bottom,R7,,R_0201_0603Metric,10K,smt,True
150.475,-95.55,180.0,bottom,R8,,R_0201_0603Metric,10k,smt,True
161.695,-107.25,180.0,bottom,R9,,R_0201_0603Metric,330R,smt,True
162.95,-89.175,0.0,top,SW1,,SW_PUSH_6mm,B3F-1000,tht,True
155.25,-107.2,180.0,bottom,U1,,SOT-223-3_TabPin2,TC1262-33,smt,True
137.2625,-111.125,180.0,bottom,U2,,MSOP-8_3x3mm_P0.65mm,93AA46B,smt,True
123.4,-102.2,180.0,bottom,U3,,TSSOP-16_4.4x5mm_P0.65mm,MAX3232IPWR,smt,True
123.4375,-109.5,180.0,bottom,U4,,TSSOP-16_4.4x5mm_P0.65mm,MAX3232IPWR,smt,True
163.7375,-110.5,180.0,bottom,U5,,TSSOP-16_4.4x5mm_P0.65mm,M74HC595YTTR,smt,True
153.6,-97.35,90.0,bottom,Y1,,Crystal_SMD_5032-2Pin_5.0x3.2mm,ECS-120-8-30-JGN-TR,smt,True
